"DMU","Ano","Locos","Vagoes","NTF","TKU","CCL"
"EFC",2006,150.083333,8916.333333,11411,76724434524,164129839.455171
"EFC",2007,175.75,9727.666666,11616,83367017838,180381204.462501
"EFC",2008,197.583333,10897.083333,14340,87515926944,186052894.008115
"EFC",2009,211.333333,11972.5,14530,83948304230,163614817.642298
"EFC",2010,218.333333,11841.416666,15628,91051651064,184847679.051177
"EFC",2011,210.25,13375.666666,18758,99566943519,199041693.956225
"EFC",2012,239.416666,14521.75,18236,102157360107,208915219.904441
"EFC",2013,249.333333,14909.083333,17791,101010500150,211350865.68612
"EFC",2014,253.333333,15666.916666,17922,104177266706,214663334.424162
"EFC",2015,283.833333,18682.25,19048,118583600192,247794189.004348
"EFC",2016,300,18976.333333,13613,136268213635,278435763.446012
"EFC",2017,315.416666,19008.166666,11915,155537535773,305063460.584544
"EFC",2018,314.583333,20314.25,14154,184375642877,351618623.585996
"EFC",2019,316.5,20796,13375,174485955732,325392073.95193
"EFC",2020,321.5,21612.916666,13770,177376810365,318010259.025487
"EFC",2021,328.666666,21695.833333,13502,172084973708,306092999.665435
"EFC",2022,328.25,21661.333333,12810,157201306229,280921617.632162
"EFC",2023,330.583333,21743.333333,24786,157563522537,281008464.99226
"EFC",2024,318.916666,21668.916666,21359,163701064152,281430144.508755
"EFC",2025,314.916666,21743.166666,12904,161162439921,270512403.356223
"EFVM",2006,312.583333,12318.083333,49389,73439941155,225556089.326194
"EFVM",2007,318.333333,20040.916666,58293,75508482772,224021641.789224
"EFVM",2008,320.75,20079.75,55657,72779862762,212387689.013197
"EFVM",2009,319.666666,19075.666666,43182,57927693244,258575599.393785
"EFVM",2010,311.083333,18928.5,53031,73480557535,210353005.28502
"EFVM",2011,329.583333,19531.25,55392,74830478975,212609319.002014
"EFVM",2012,315.25,19223,54038,72866080644,203746720.372686
"EFVM",2013,311.416666,19758.083333,53905,72009164388,199862811.78722
"EFVM",2014,313.583333,19281.75,54942,72669594787,199198057.238087
"EFVM",2015,312.75,20855.166666,54136,77156920376,202075981.091396
"EFVM",2016,314.583333,19030.583333,44391,74558839550,183895719.507936
"EFVM",2017,312.666666,19099.25,46439,73517851514,169808141.60766
"EFVM",2018,312.916666,18459.583333,47844,69751879648,152980930.490026
"EFVM",2019,307.333333,18457.833333,38193,51105651805,114269160.023201
"EFVM",2020,308.583333,18511.083333,30865,39170195719,90577819.9560587
"EFVM",2021,307.916666,18158.25,33700,46085893325,101414906.772459
"EFVM",2022,312.666666,18387.75,32017,46769702953,97411421.2289421
"EFVM",2023,307.416666,17962.833333,37012,51176333581,107164089.95247
"EFVM",2024,307.416666,17618.666666,38057,51411886798,106932505.941303
"EFVM",2025,307.083333,17769.75,36919,56634602716,114421259.350364
"FERROESTE",2006,1,408.833333,1598,1005499715,12784423.8925046
"FERROESTE",2007,1,111.333333,1361,619608421,11409970.7808858
"FERROESTE",2008,10.666666,120.75,1411,747223812,9070174.86916221
"FERROESTE",2009,14.166666,96.5,1001,469301815,6012638.30586042
"FERROESTE",2010,12.833333,94.416666,900,273315352,3381847.27955337
"FERROESTE",2011,10.166666,63.916666,777,209433793,3439983.46558025
"FERROESTE",2012,9.75,93.416666,912,189628410,2761952.29335814
"FERROESTE",2013,8.833333,87.166666,910,98349816,1457848.16038265
"FERROESTE",2014,9.583333,584.666666,1187,151546260,2113104.46081202
"FERROESTE",2015,10.75,652.916666,1241,133417830,2141754.62916294
"FERROESTE",2016,14.833333,654.333333,1121,131670280,2004662.14842571
"FERROESTE",2017,14.666666,449.333333,1025,159361213,3283383.90263772
"FERROESTE",2018,15.25,488.916666,1216,201474891,3307845.92090413
"FERROESTE",2019,15.916666,520.833333,1451,360833552,5692652.08412015
"FERROESTE",2020,16.666666,466.5,469,118970417,1986604.89612081
"FERROESTE",2021,17.25,417.5,433,64734312,1112087.38869432
"FERROESTE",2022,14,288.833333,275,42544437,720652.279199218
"FERROESTE",2023,14,265.916666,431,70371992,1173756.07918987
"FERROESTE",2024,14,265.333333,544,69023692,1243440.48208954
"FERROESTE",2025,14,263.916666,525,62651215,1208637.07032521
"FCA",2006,503.916666,11082.833333,59632,9111879554,92980863.9570632
"FCA",2007,501.833333,12121,60262,14202018646,184716381.851082
"FCA",2008,666.083333,10858.166666,53260,15039847786,183215539.775801
"FCA",2009,594.25,10668.333333,50957,14187303487,174306576.220859
"FCA",2010,522.25,11211.583333,57392,15315036845,203504563.409744
"FCA",2011,529.333333,11483.416666,45742,13945640409,188749318.96825
"FCA",2012,549.833333,8213.416666,46686,16112942787,195458280.702986
"FCA",2013,573.583333,7135.583333,45713,18362716007,215839739.972609
"FCA",2014,619.333333,8413.75,44479,18298873054,203502226.932528
"FCA",2015,856.166666,10220.416666,41092,21121228598,240391861.98146
"FCA",2016,589.416666,9666,38894,19045128409,199375814.542105
"FCA",2017,627.75,11338.75,40194,24429917781,247260167.085215
"FCA",2018,627.416666,12113.083333,41011,24527982897,248024939.681716
"FCA",2019,599.166666,11679.75,37861,22969749257,222787113.370939
"FCA",2020,650.666666,10685.166666,38110,23512290613,222631545.402631
"FCA",2021,529.666666,12334.5,38751,20885992003,200365961.279086
"FCA",2022,594.916666,12508.583333,34708,21170644911,202359828.820508
"FCA",2023,612,11141.083333,36657,23307395821,224575677.575793
"FCA",2024,493,12113.666666,36333,21484244690,205949407.018805
"FCA",2025,620.75,11716.083333,38979,19358038234,176141614.324205
"FTC",2006,10.75,378.916666,12817,182862884,1505129.62525476
"FTC",2007,11,380,12010,189436857,1425245.83025026
"FTC",2008,11,380,13285,213322902,1554184.36673124
"FTC",2009,11,357.916666,12491,202495187,1460723.11077611
"FTC",2010,11,369,11255,184998760,1263882.78124285
"FTC",2011,11,369,10071,172723078,1187587.00942492
"FTC",2012,11,357.25,11272,190350774,1298088.43832597
"FTC",2013,11.25,372.5,12343,238819533,1607587.22299875
"FTC",2014,12.916666,399.166666,14168,288133390,2048028.2716794
"FTC",2015,14.916666,426.083333,12015,273119651,1950306.01227108
"FTC",2016,16.833333,442.166666,10464,223759793,1655378.32999057
"FTC",2017,17,448,10003,205685972,1432101.39261239
"FTC",2018,19,454.5,10859,220143026,1625563.34703125
"FTC",2019,17.666666,469.333333,11903,233472333,1669164.74630343
"FTC",2020,13.333333,279,12646,235555712,1711803.73604526
"FTC",2021,13,281.5,10028,255547894,1854914.01800512
"FTC",2022,13,288.583333,8064,267775882,1909160.20864758
"FTC",2023,12.416666,295,7126,245627737,1709050.62629399
"FTC",2024,12.916666,295,6714,242485818,1742490.47949919
"FTC",2025,14,295,6368,240242512,1719324.04649577
"FTL",2006,122.666666,2213.583333,10748,677820653,10300040.6675813
"FTL",2007,129.583333,2210.25,11197,962651663,13773527.6876143
"FTL",2008,131.5,2294.5,11508,919954734,13141592.406839
"FTL",2009,125.916666,2237.333333,9520,730063046,10657508.9091015
"FTL",2010,132.333333,2246.333333,8990,728307715,10803361.6796422
"FTL",2011,120,1952.916666,4459,680889611,9675388.55341969
"FTL",2012,106.916666,1807.666666,1639,702564975,9545944.25162508
"FTL",2013,108.333333,1841.083333,1422,534525732,8213865.81984619
"FTL",2014,90.833333,1841.916666,1484,605606720,9531897.25636829
"FTL",2015,92.916666,1748.833333,1431,566791911,8952091.38109527
"FTL",2016,100.416666,1813.75,1957,656080681,9676331.29360744
"FTL",2017,106,1847.416666,2129,649435462,9708434.23297763
"FTL",2018,104.583333,1906,2005,614527647,9273143.38630011
"FTL",2019,101.916666,1868.75,2064,574724116,8695961.74993931
"FTL",2020,104.916666,1880.25,2265,632279121,9484105.76398196
"FTL",2021,108.416666,1892.916666,2339,689158155,16979419.3062238
"FTL",2022,117.166666,1863.666666,2172,607494224,9700384.34939598
"FTL",2023,113,2023.666666,2319,616106343,9689602.53874495
"FTL",2024,116.833333,1857.833333,2324,600926334,9902376.58186226
"FTL",2025,120.583333,1857.25,2138,568451517,9644817.76548193
"MRS",2006,471.25,14355,117884,47676469201,262136105.907474
"MRS",2007,522.75,14925,128527,52614782301,281386930.971342
"MRS",2008,595.666666,16637.5,132341,55821880167,288842835.541477
"MRS",2009,675.583333,17680.583333,120799,51444108646,240451060.193824
"MRS",2010,684.666666,17968.666666,118684,57572346308,259289268.480354
"MRS",2011,718.25,18947.666666,104023,61360642317,286106474.099087
"MRS",2012,801.333333,19691,85925,62241499163,280946704.272281
"MRS",2013,788.833333,19364.25,84166,61427409311,269627568.464623
"MRS",2014,781.416666,19478.416666,80276,64433533846,266046157.520948
"MRS",2015,767.25,20535.5,78687,64754142045,251278553.762265
"MRS",2016,768.083333,19948.916666,69083,65645671278,227959470.070615
"MRS",2017,750.916666,18779.416666,73311,63909017271,219537439.74588
"MRS",2018,723.333333,18381.333333,73639,63764601243,186497706.280459
"MRS",2019,744.666666,20979.083333,70470,48109436468,171073223.616285
"MRS",2020,740.5,20802.75,69810,52613706504,188979412.852751
"MRS",2021,757.666666,21215.416666,75349,56961004683,169584514.640315
"MRS",2022,793.75,22209.75,73823,58283425929,169347864.753127
"MRS",2023,816,22414.083333,76116,66808265193,247231426.231937
"MRS",2024,806.166666,22850.75,81961,68145769517,274946821.919294
"MRS",2025,778.166666,22723.916666,83972,71693838702,291297081.179338
"RMN",2006,156.083333,3510,1894,7446149877,79486926.8937372
"RMN",2007,181.166666,3907.166666,3093,9393522609,85862627.2191237
"RMN",2008,238.666666,4194.833333,3820,11296926639,105252916.215909
"RMN",2009,260.666666,4374,3979,13886811259,127144903.560063
"RMN",2010,369.583333,5418.333333,6510,14618305916,135319608.725898
"RMN",2011,408.5,7009.5,4603,16073366471,137853314.763766
"RMN",2012,405,7267.916666,3201,19450932279,173748304.974393
"RMN",2013,199.916666,5223,3580,20594069333,181437037.463547
"RMN",2014,188.5,5357.083333,3407,22948406067,194405909.649733
"RMN",2015,194.833333,5425.5,3667,26110073358,204425126.804277
"RMN",2016,184.25,5149.5,3033,22997635090,168632608.58445
"RMN",2017,193.75,6160.083333,3939,31662704399,214280647.454547
"RMN",2018,200.5,7051.416666,4633,35919208072,231046542.339811
"RMN",2019,204.083333,8502.75,4869,38495569857,234807679.970733
"RMN",2020,192.083333,8333.666666,5667,39208917687,213619169.030059
"RMN",2021,184.333333,8134.75,6527,37333463535,50900353.5285587
"RMN",2022,191.833333,8792.75,7006,43975681494,53928981.8494911
"RMN",2023,187.166666,9033.916666,6417,44878831125,49533417.9297477
"RMN",2024,194.583333,9016.083333,7901,47984794035,59967407.5819112
"RMN",2025,187.833333,8424.5,7493,50660554916,68055787.1567184
"RMO",2006,57.166666,1694.166666,5591,1432404792,18278686.9333838
"RMO",2007,57.166666,1731.916666,5673,1202821282,15381275.5154001
"RMO",2008,57.833333,2465.333333,15108,1344987162,15842926.6269477
"RMO",2009,48.916666,2564.416666,12000,1311870167,16218846.9258029
"RMO",2010,79.583333,3153.916666,16299,1782771916,19168255.7597737
"RMO",2011,93.5,3247.25,12140,1760305021,17703284.6160318
"RMO",2012,86.666666,3138.083333,7314,1702951126,18910146.7361535
"RMO",2013,63.25,1268.166666,6446,1482588308,23596253.8031998
"RMO",2014,70.583333,1315.333333,7346,1517869051,23989188.8264658
"RMO",2015,48,1124.5,5756,1066902044,19714531.8211293
"RMO",2016,38.25,880.166666,5130,797028648,15857547.6832909
"RMO",2017,40.583333,896.166666,5342,857703073,15872649.9877361
"RMO",2018,34.083333,1006.333333,5253,879425233,15625007.702747
"RMO",2019,34.5,946.5,4349,819509527,12310569.0978524
"RMO",2020,33.166666,752.75,3144,468508185,7641478.8792135
"RMO",2021,34.083333,810.833333,3762,577906280,8671959.75571398
"RMO",2022,27.833333,334.5,3044,184259801,2700772.89047225
"RMO",2023,30.583333,268.083333,2359,148601994,2412663.82826654
"RMO",2024,15.583333,235.272727,2314,101405934,1828466.4701147
"RMO",2025,13.416666,241.5,2337,107615971,2147495.82731036
"RMP",2006,91.75,2907.083333,4906,2232486932,15462923.7510332
"RMP",2007,86.083333,3298.083333,7871,1909168479,11685997.1443256
"RMP",2008,141.416666,7504.916666,29546,3054204614,14612634.6610814
"RMP",2009,154.333333,7670.666666,25709,3018775888,11187044.2691094
"RMP",2010,145.5,9166.75,29175,4003517898,22008490.5344513
"RMP",2011,172.75,10317.916666,20110,4688462098,28538071.1485143
"RMP",2012,176.833333,10125.666666,9894,4228265426,21368516.3198894
"RMP",2013,312.25,3205.75,7448,3910513521,20029109.1210544
"RMP",2014,284.583333,3418.75,7331,3905702011,23376862.5562458
"RMP",2015,282.666666,3343,6446,3667114827,25399441.868226
"RMP",2016,276.083333,4707.083333,6542,4555559268,35202539.6435522
"RMP",2017,257,3698.666666,6737,3443987052,25429101.9255621
"RMP",2018,286.666666,4310.5,7623,4979735715,33103381.1660964
"RMP",2019,280.75,3753.5,7827,6283107751,35764376.5328298
"RMP",2020,259.583333,4401.833333,10259,8414333465,47616313.759384
"RMP",2021,271,4068.25,19600,8778191851,80110437.9008422
"RMP",2022,278.083333,2979,21999,7833816901,73809466.9771364
"RMP",2023,301.333333,3382.416666,19485,7863275707,66677363.2926871
"RMP",2024,320.25,3372.833333,21523,9765424216,88867714.7736326
"RMP",2025,321.583333,3311.75,22014,18083296342,164824006.899247
"RMS",2006,353.083333,14372.75,45009,18422800560,180333782.490117
"RMS",2007,347.833333,14142.583333,46736,17147478154,155434460.674656
"RMS",2008,436.583333,14237,71370,17378341458,148321783.949771
"RMS",2009,484.666666,14448.833333,79502,17195534469,157044846.442538
"RMS",2010,515.083333,14869,73493,17473578913,156836786.798581
"RMS",2011,481.583333,15123.583333,56345,18121387639,157636438.456391
"RMS",2012,515.583333,15912.583333,40993,16297213859,146063044.158294
"RMS",2013,469.833333,12257.833333,37569,15789282104,146602687.072905
"RMS",2014,439.833333,12092.416666,35020,14692355517,137997978.93101
"RMS",2015,447,11764.25,33996,14058082467,128656287.460889
"RMS",2016,419.75,10779.166666,25595,11831400448,91671615.797628
"RMS",2017,373.25,9742,30206,13555779898,67000035.5646845
"RMS",2018,381,9330.75,33949,14358390578,65861934.528841
"RMS",2019,332.25,9403.583333,32983,14124563395,67356756.6670209
"RMS",2020,338.75,8987.666666,33375,13962432929,59141542.4644197
"RMS",2021,330.333333,8883.333333,28268,13576139705,56876545.9588813
"RMS",2022,291.583333,8914.75,22805,13096143229,58090028.5977056
"RMS",2023,271.916666,8775.166666,21596,13643357651,99257176.1089547
"RMS",2024,274.25,8947.75,21527,12978260289,53777582.9103324
"RMS",2025,256.75,9261.333333,18585,12865532732,55701565.4614317
