"date","ipca_mensal_pct","indice"
2008-01-01,0.54,100
2008-02-01,0.49,100.49
2008-03-01,0.48,100.9724
2008-04-01,0.55,101.5277
2008-05-01,0.79,102.3298
2008-06-01,0.74,103.087
2008-07-01,0.53,103.6334
2008-08-01,0.28,103.9235
2008-09-01,0.26,104.1937
2008-10-01,0.45,104.6626
2008-11-01,0.36,105.0394
2008-12-01,0.28,105.3335
2009-01-01,0.48,105.8391
2009-02-01,0.55,106.4212
2009-03-01,0.2,106.6341
2009-04-01,0.48,107.1459
2009-05-01,0.47,107.6495
2009-06-01,0.36,108.037
2009-07-01,0.24,108.2963
2009-08-01,0.15,108.4588
2009-09-01,0.24,108.7191
2009-10-01,0.28,109.0235
2009-11-01,0.41,109.4705
2009-12-01,0.37,109.8755
2010-01-01,0.75,110.6996
2010-02-01,0.78,111.563
2010-03-01,0.52,112.1432
2010-04-01,0.57,112.7824
2010-05-01,0.43,113.2674
2010-06-01,0,113.2674
2010-07-01,0.01,113.2787
2010-08-01,0.04,113.324
2010-09-01,0.45,113.834
2010-10-01,0.75,114.6877
2010-11-01,0.83,115.6396
2010-12-01,0.63,116.3681
2011-01-01,0.83,117.334
2011-02-01,0.8,118.2727
2011-03-01,0.79,119.207
2011-04-01,0.77,120.1249
2011-05-01,0.47,120.6895
2011-06-01,0.15,120.8705
2011-07-01,0.16,121.0639
2011-08-01,0.37,121.5119
2011-09-01,0.53,122.1559
2011-10-01,0.43,122.6812
2011-11-01,0.52,123.3191
2011-12-01,0.5,123.9357
2012-01-01,0.56,124.6297
2012-02-01,0.45,125.1906
2012-03-01,0.21,125.4535
2012-04-01,0.64,126.2564
2012-05-01,0.36,126.7109
2012-06-01,0.08,126.8123
2012-07-01,0.43,127.3576
2012-08-01,0.41,127.8797
2012-09-01,0.57,128.6086
2012-10-01,0.59,129.3674
2012-11-01,0.6,130.1436
2012-12-01,0.79,131.1718
2013-01-01,0.86,132.2998
2013-02-01,0.6,133.0936
2013-03-01,0.47,133.7192
2013-04-01,0.55,134.4546
2013-05-01,0.37,134.9521
2013-06-01,0.26,135.303
2013-07-01,0.03,135.3436
2013-08-01,0.24,135.6684
2013-09-01,0.35,136.1432
2013-10-01,0.57,136.9193
2013-11-01,0.54,137.6586
2013-12-01,0.92,138.9251
2014-01-01,0.55,139.6892
2014-02-01,0.69,140.653
2014-03-01,0.92,141.947
2014-04-01,0.67,142.8981
2014-05-01,0.46,143.5554
2014-06-01,0.4,144.1296
2014-07-01,0.01,144.144
2014-08-01,0.25,144.5044
2014-09-01,0.57,145.3281
2014-10-01,0.42,145.9385
2014-11-01,0.51,146.6827
2014-12-01,0.78,147.8269
2015-01-01,1.24,149.6599
2015-02-01,1.22,151.4858
2015-03-01,1.32,153.4854
2015-04-01,0.71,154.5751
2015-05-01,0.74,155.719
2015-06-01,0.79,156.9492
2015-07-01,0.62,157.9223
2015-08-01,0.22,158.2697
2015-09-01,0.54,159.1243
2015-10-01,0.82,160.4292
2015-11-01,1.01,162.0495
2015-12-01,0.96,163.6052
2016-01-01,1.27,165.683
2016-02-01,0.9,167.1741
2016-03-01,0.43,167.893
2016-04-01,0.61,168.9171
2016-05-01,0.78,170.2347
2016-06-01,0.35,170.8305
2016-07-01,0.52,171.7188
2016-08-01,0.44,172.4744
2016-09-01,0.08,172.6123
2016-10-01,0.26,173.0611
2016-11-01,0.18,173.3726
2016-12-01,0.3,173.8928
2017-01-01,0.38,174.5535
2017-02-01,0.33,175.1296
2017-03-01,0.25,175.5674
2017-04-01,0.14,175.8132
2017-05-01,0.31,176.3582
2017-06-01,-0.23,175.9526
2017-07-01,0.24,176.3749
2017-08-01,0.19,176.71
2017-09-01,0.16,176.9927
2017-10-01,0.42,177.7361
2017-11-01,0.28,178.2338
2017-12-01,0.44,179.018
2018-01-01,0.29,179.5371
2018-02-01,0.32,180.1117
2018-03-01,0.09,180.2738
2018-04-01,0.22,180.6704
2018-05-01,0.4,181.393
2018-06-01,1.26,183.6786
2018-07-01,0.33,184.2847
2018-08-01,-0.09,184.1189
2018-09-01,0.48,185.0026
2018-10-01,0.45,185.8352
2018-11-01,-0.21,185.4449
2018-12-01,0.15,185.7231
2019-01-01,0.32,186.3174
2019-02-01,0.43,187.1185
2019-03-01,0.75,188.5219
2019-04-01,0.57,189.5965
2019-05-01,0.13,189.843
2019-06-01,0.01,189.862
2019-07-01,0.19,190.2227
2019-08-01,0.11,190.432
2019-09-01,-0.04,190.3558
2019-10-01,0.1,190.5461
2019-11-01,0.51,191.5179
2019-12-01,1.15,193.7204
2020-01-01,0.21,194.1272
2020-02-01,0.25,194.6125
2020-03-01,0.07,194.7487
2020-04-01,-0.31,194.145
2020-05-01,-0.38,193.4073
2020-06-01,0.26,193.9101
2020-07-01,0.36,194.6082
2020-08-01,0.24,195.0753
2020-09-01,0.64,196.3237
2020-10-01,0.86,198.0121
2020-11-01,0.89,199.7744
2020-12-01,1.35,202.4714
2021-01-01,0.25,202.9776
2021-02-01,0.86,204.7232
2021-03-01,0.93,206.6271
2021-04-01,0.31,207.2676
2021-05-01,0.83,208.988
2021-06-01,0.53,210.0956
2021-07-01,0.96,212.1125
2021-08-01,0.87,213.9579
2021-09-01,1.16,216.4398
2021-10-01,1.25,219.1453
2021-11-01,0.95,221.2272
2021-12-01,0.73,222.8421
2022-01-01,0.54,224.0455
2022-02-01,1.01,226.3084
2022-03-01,1.62,229.9745
2022-04-01,1.06,232.4123
2022-05-01,0.47,233.5046
2022-06-01,0.67,235.0691
2022-07-01,-0.68,233.4706
2022-08-01,-0.36,232.6301
2022-09-01,-0.29,231.9555
2022-10-01,0.59,233.324
2022-11-01,0.41,234.2807
2022-12-01,0.62,235.7332
2023-01-01,0.53,236.9826
2023-02-01,0.84,238.9733
2023-03-01,0.71,240.67
2023-04-01,0.61,242.138
2023-05-01,0.23,242.695
2023-06-01,-0.08,242.5008
2023-07-01,0.12,242.7918
2023-08-01,0.23,243.3502
2023-09-01,0.26,243.9829
2023-10-01,0.24,244.5685
2023-11-01,0.28,245.2533
2023-12-01,0.56,246.6267
2024-01-01,0.42,247.6625
2024-02-01,0.83,249.7181
2024-03-01,0.16,250.1177
2024-04-01,0.38,251.0681
2024-05-01,0.46,252.2231
2024-06-01,0.21,252.7527
2024-07-01,0.38,253.7132
2024-08-01,-0.02,253.6624
2024-09-01,0.44,254.7786
2024-10-01,0.56,256.2053
2024-11-01,0.39,257.2045
2024-12-01,0.52,258.542
